/*
SQLyog Professional v12.4.3 (64 bit)
MySQL - 10.4.11-MariaDB : Database - news
*********************************************************************
*/

/*!40101 SET NAMES utf8 */;

/*!40101 SET SQL_MODE=''*/;

/*!40014 SET @OLD_UNIQUE_CHECKS=@@UNIQUE_CHECKS, UNIQUE_CHECKS=0 */;
/*!40014 SET @OLD_FOREIGN_KEY_CHECKS=@@FOREIGN_KEY_CHECKS, FOREIGN_KEY_CHECKS=0 */;
/*!40101 SET @OLD_SQL_MODE=@@SQL_MODE, SQL_MODE='NO_AUTO_VALUE_ON_ZERO' */;
/*!40111 SET @OLD_SQL_NOTES=@@SQL_NOTES, SQL_NOTES=0 */;
CREATE DATABASE /*!32312 IF NOT EXISTS*/`news` /*!40100 DEFAULT CHARACTER SET utf8mb4 */;

USE `news`;

/*Table structure for table `tblcategory` */

DROP TABLE IF EXISTS `tblcategory`;

CREATE TABLE `tblcategory` (
  `id` int(11) NOT NULL AUTO_INCREMENT,
  `CategoryName` varchar(200) DEFAULT NULL,
  `Description` mediumtext DEFAULT NULL,
  `PostingDate` timestamp NULL DEFAULT current_timestamp(),
  `UpdationDate` timestamp NULL DEFAULT NULL,
  `Is_Active` int(1) DEFAULT NULL,
  PRIMARY KEY (`id`)
) ENGINE=InnoDB AUTO_INCREMENT=9 DEFAULT CHARSET=latin1;

/*Data for the table `tblcategory` */

insert  into `tblcategory`(`id`,`CategoryName`,`Description`,`PostingDate`,`UpdationDate`,`Is_Active`) values 
(2,'Bollywood','Bollywood News','2018-06-06 17:28:09','2018-07-01 01:41:07',1),
(3,'Sports','Related to sports news','2018-06-06 17:35:09','2018-06-14 18:11:55',1),
(5,'Entertainment','Entertainment related  News','2018-06-14 12:32:58','2018-06-14 12:33:41',1),
(6,'Politics','Politics','2018-06-22 22:46:09','0000-00-00 00:00:00',1),
(7,'Business','Business','2018-06-22 22:46:22','0000-00-00 00:00:00',0),
(8,'Information  Technology','Relate with technology','2020-08-13 15:46:17',NULL,0);

/*Table structure for table `tblcomments` */

DROP TABLE IF EXISTS `tblcomments`;

CREATE TABLE `tblcomments` (
  `id` int(11) NOT NULL AUTO_INCREMENT,
  `postId` char(11) DEFAULT NULL,
  `name` varchar(120) DEFAULT NULL,
  `email` varchar(150) DEFAULT NULL,
  `comment` mediumtext DEFAULT NULL,
  `postingDate` timestamp NULL DEFAULT current_timestamp(),
  `status` int(1) DEFAULT NULL,
  PRIMARY KEY (`id`)
) ENGINE=InnoDB AUTO_INCREMENT=7 DEFAULT CHARSET=latin1;

/*Data for the table `tblcomments` */

insert  into `tblcomments`(`id`,`postId`,`name`,`email`,`comment`,`postingDate`,`status`) values 
(2,'12','Test user','test@gmail.com','This is sample text for testing.','2018-11-21 18:25:56',1),
(3,'7','ABC','abc@test.com','This is sample text for testing.','2018-11-21 18:27:06',1),
(4,'10','Chhin vanchhai','vanchhai@gmail.com','test','2020-07-25 17:39:07',1),
(5,'24','Chhin vanchhai','chhai@gmail.com','goode','2020-08-08 13:03:41',1),
(6,'11','Vanchhai','chhai@gmail.com','Pierre Lacroix thanks India for contribution to peacekeepingUNs Jean Pierre Lacroix thanks India for contribution to peacekeepingUNs Jean Pierre Lacroix thanks India for contribution to peacekeepingUNs Jean Pierre Lacroix thanks India for contribution to peacekeepingUNs Jean Pierre Lacroix thanks India for contribution to peacekeepingUNs Jean Pierre Lacroix thanks India for contribution to peacekeepingUNs Jean Pierre Lacroix thanks India for contribution to peacekeepingUNs Jean Pierre Lacroix thanks India for contribution to peacekeepingUNs Jean Pierre Lacroix thanks India for contribution to peacekeepingUNs Jean Pierre Lacroix thanks India for contribution to peacekeepingUNs Jean Pierre Lacroix thanks India for contribution to peacekeepingUNs Jean Pierre Lacroix thanks India for contribution to peacekeepingUNs Jean Pierre Lacroix thanks India for contribution to peacekeepingUNs Jean Pierre Lacroix thanks India for contribution to peacekeeping','2020-08-16 12:02:39',1);

/*Table structure for table `tblpages` */

DROP TABLE IF EXISTS `tblpages`;

CREATE TABLE `tblpages` (
  `id` int(11) NOT NULL AUTO_INCREMENT,
  `PageName` varchar(200) DEFAULT NULL,
  `PageTitle` mediumtext DEFAULT NULL,
  `Description` longtext DEFAULT NULL,
  `PostingDate` timestamp NULL DEFAULT current_timestamp(),
  `UpdationDate` timestamp NULL DEFAULT NULL ON UPDATE current_timestamp(),
  PRIMARY KEY (`id`)
) ENGINE=InnoDB AUTO_INCREMENT=3 DEFAULT CHARSET=latin1;

/*Data for the table `tblpages` */

insert  into `tblpages`(`id`,`PageName`,`PageTitle`,`Description`,`PostingDate`,`UpdationDate`) values 
(1,'aboutus','About News ','<div style=\"text-align: center;\"><font color=\"#7b8898\" face=\"Mercury SSm A, Mercury SSm B, Georgia, Times, Times New Roman, Microsoft YaHei New, Microsoft Yahei, å¾®è½¯é›…é»‘, å®‹ä½“, SimSun, STXihei, åŽæ–‡ç»†é»‘, serif\"><span style=\"font-size: 26px;\">The best of news website that you can link you life to the world.</span></font></div><div style=\"text-align: left;\"><font color=\"#7b8898\" face=\"Mercury SSm A, Mercury SSm B, Georgia, Times, Times New Roman, Microsoft YaHei New, Microsoft Yahei, å¾®è½¯é›…é»‘, å®‹ä½“, SimSun, STXihei, åŽæ–‡ç»†é»‘, serif\"><span style=\"font-size: 26px;\">&nbsp; &nbsp;</span></font><font face=\"Arial\">In the 2020 technology have reached to new level of innovation. That why we create create the website for make you life more easy, and discover the world by you finger. The site will provide you of variety of news such technology, entertainment, movies, sport and so on.</font></div><div style=\"text-align: left;\"><font face=\"Arial\">&nbsp;.....&nbsp;</font></div>','2018-07-01 01:01:03','2020-08-16 21:00:53'),
(2,'contactus','Contact Details','<p><br></p><p><b>Address :&nbsp; </b>Mekong Universtiy</p><p><b>Phone Number : </b>16283621</p><p><b>Email -id :</b> chhai@gmail.com</p>','2018-07-01 01:01:36','2020-08-08 12:47:18');

/*Table structure for table `tblposts` */

DROP TABLE IF EXISTS `tblposts`;

CREATE TABLE `tblposts` (
  `id` int(11) NOT NULL AUTO_INCREMENT,
  `PostTitle` longtext DEFAULT NULL,
  `CategoryId` int(11) DEFAULT NULL,
  `SubCategoryId` int(11) DEFAULT NULL,
  `PostDetails` blob DEFAULT NULL,
  `PostingDate` timestamp NULL DEFAULT current_timestamp(),
  `UpdationDate` timestamp NULL DEFAULT NULL ON UPDATE current_timestamp(),
  `Is_Active` int(1) DEFAULT NULL,
  `PostUrl` mediumtext DEFAULT NULL,
  `PostImage` varchar(255) DEFAULT NULL,
  PRIMARY KEY (`id`)
) ENGINE=InnoDB AUTO_INCREMENT=26 DEFAULT CHARSET=latin1;

/*Data for the table `tblposts` */

insert  into `tblposts`(`id`,`PostTitle`,`CategoryId`,`SubCategoryId`,`PostDetails`,`PostingDate`,`UpdationDate`,`Is_Active`,`PostUrl`,`PostImage`) values 
(7,'Jasprit Bumrah ruled out of England T20I series due to injury',3,4,'<p style=\"margin-bottom: 15px; padding: 0px; font-size: 16px; font-family: PTSans, sans-serif;\"><span style=\"margin: 0px; padding: 0px; font-weight: 700;\">The Indian Cricket Team has received a huge blow right ahead of the commencement of the much-awaited series against England. Star speedster Jasprit Bumrah has been ruled out of the forthcoming 3-match T20I series as he suffered an injury in his left thumb.</span></p><p style=\"margin-bottom: 15px; padding: 0px; font-size: 16px; font-family: PTSans, sans-serif;\">The 24-year-old pacer picked up a niggle during India’s first T20I match against Ireland played on June 27 at the Malahide cricket ground in Dublin. As per the reports, he is likely to be available for the ODI series against England scheduled to start from July 12.</p><p style=\"margin-bottom: 15px; padding: 0px; font-size: 16px; font-family: PTSans, sans-serif;\">In the first, Bumrah exhibited a phenomenal performance with the ball. In his quota of four overs, he conceded 19 runs and picked 2 wickets at an economy rate of 4.75.</p><p style=\"margin-bottom: 15px; padding: 0px; font-size: 16px; font-family: PTSans, sans-serif;\">Post his injury, he arrived at team’s optional training session on Thursday but didn’t train. Later, he was rested in the second face-off along with MS Dhoni, Shikhar Dhawan and Bhuvneshwar Kumar.</p><p style=\"margin-bottom: 15px; padding: 0px; font-size: 16px; font-family: PTSans, sans-serif;\">As of now, no replacement has been announced. However, Umesh Yadav may be be given chance in the team in Bumrah’s absence.</p><p style=\"padding: 0px; font-size: 16px; font-family: PTSans, sans-serif;\">The first T20I match between India and England will be played at Old Trafford, Manchester on July 3.</p>','2018-07-01 01:49:23','2020-08-16 10:32:17',0,'Jasprit-Bumrah-ruled-out-of-England-T20I-series-due-to-injury','6d08a26c92cf30db69197a1fb7230626.jpg'),
(10,'Tata Steel, Thyssenkrupp Finalise Landmark Steel Deal',7,9,'<h1 style=\"box-sizing: inherit; margin-top: 0px; padding: 0px; font-family: Roboto, sans-serif; font-size: 38px; line-height: normal; letter-spacing: -0.5px; color: rgb(51, 51, 51);\"><span itemprop=\"headline\" style=\"box-sizing: inherit;\">Tata Steel, Thyssenkrupp Finalise Landmark Steel Deal</span>Tata Steel, Thyssenkrupp Finalise Landmark Steel DealTata Steel, Thyssenkrupp Finalise Landmark Steel DealTata Steel, Thyssenkrupp Finalise Landmark Steel DealTata Steel, Thyssenkrupp Finalise Landmark Steel Deal</h1>','2018-07-01 02:08:56','2018-08-28 22:59:59',1,'Tata-Steel,-Thyssenkrupp-Finalise-Landmark-Steel-Deal','505e59c459d38ce4e740e3c9f5c6caf7.jpg'),
(11,'UNs Jean Pierre Lacroix thanks India for contribution to peacekeeping',6,8,'<p>UNs Jean Pierre Lacroix thanks India for contribution to peacekeepingUNs Jean Pierre Lacroix thanks India for contribution to peacekeepingUNs Jean Pierre Lacroix thanks India for contribution to peacekeepingUNs Jean Pierre Lacroix thanks India for contribution to peacekeepingUNs Jean Pierre Lacroix thanks India for contribution to peacekeepingUNs Jean Pierre Lacroix thanks India for contribution to peacekeepingUNs Jean Pierre Lacroix thanks India for contribution to peacekeepingUNs Jean Pierre Lacroix thanks India for contribution to peacekeepingUNs Jean Pierre Lacroix thanks India for contribution to peacekeepingUNs Jean Pierre Lacroix thanks India for contribution to peacekeepingUNs Jean Pierre Lacroix thanks India for contribution to peacekeepingUNs Jean Pierre Lacroix thanks India for contribution to peacekeepingUNs Jean Pierre Lacroix thanks India for contribution to peacekeepingUNs Jean Pierre Lacroix thanks India for contribution to peacekeepingUNs Jean Pierre Lacroix thanks India for contribution to peacekeepingUNs Jean Pierre Lacroix thanks India for contribution to peacekeepingUNs Jean Pierre Lacroix thanks India for contribution to peacekeepingUNs Jean Pierre Lacroix thanks India for contribution to peacekeepingUNs Jean Pierre Lacroix thanks India for contribution to peacekeeping<br></p>','2018-07-01 02:10:36','2018-08-28 23:01:35',1,'UNs-Jean-Pierre-Lacroix-thanks-India-for-contribution-to-peacekeeping','27095ab35ac9b89abb8f32ad3adef56a.jpg'),
(12,'Shah holds meeting with NE states leaders in Manipur',6,7,'<p><span style=\"color: rgb(25, 25, 25); font-family: &quot;Noto Serif&quot;; font-size: 16px;\">New Delhi: BJP president Amit Shah today held meetings with his party leaders who are in-charge of 11 Lok Sabha seats spread across seven northeast states as part of a drive to ensure that it wins the maximum number of these constituencies in the general election next year.</span><br style=\"box-sizing: inherit; color: rgb(25, 25, 25); font-family: &quot;Noto Serif&quot;; font-size: 16px;\"><br style=\"box-sizing: inherit; color: rgb(25, 25, 25); font-family: &quot;Noto Serif&quot;; font-size: 16px;\"><webviewcontentdata style=\"box-sizing: inherit; color: rgb(25, 25, 25); font-family: &quot;Noto Serif&quot;; font-size: 16px;\">Shah held separate meetings with Lok Sabha toli (group) of Arunachal Pradesh, Tripura, Meghalaya, Mizoram, Nagaland, Sikkim and Manipur in Manipur, the partys media head Anil Baluni said.<br style=\"box-sizing: inherit;\"><br style=\"box-sizing: inherit;\">Baluni said that Shah was in West Bengal for two days before he arrived in Manipur. The BJP chief would reach Odisha tomorrow.</webviewcontentdata><br></p>','2018-07-01 02:11:44','2018-08-28 23:01:43',1,'Shah-holds-meeting-with-NE-states-leaders-in-Manipur','7fdc1a630c238af0815181f9faa190f5.jpg'),
(13,'Test',3,4,'<p><iframe frameborder=\"0\" src=\"//www.youtube.com/embed/vCPq9K8HZlM\" width=\"640\" height=\"360\" class=\"note-video-clip\"></iframe><br></p>','2020-07-29 21:11:15','2020-08-16 10:32:22',0,'Test','af0e95d7b5c5fce01c9a89b4fea0d75f.jpg'),
(14,'Test',3,4,'<p><iframe frameborder=\"0\" src=\"//www.youtube.com/embed/vCPq9K8HZlM\" width=\"640\" height=\"360\" class=\"note-video-clip\"></iframe><br></p>','2020-07-29 21:12:02','2020-08-16 10:32:26',0,'Test','af0e95d7b5c5fce01c9a89b4fea0d75f.jpg'),
(15,'Test',3,4,'<p><iframe frameborder=\"0\" src=\"//www.youtube.com/embed/vCPq9K8HZlM\" width=\"640\" height=\"360\" class=\"note-video-clip\"></iframe><br></p>','2020-07-29 21:12:19','2020-08-01 11:54:13',0,'Test','af0e95d7b5c5fce01c9a89b4fea0d75f.jpg'),
(16,'Test',3,4,'<p><iframe frameborder=\"0\" src=\"//www.youtube.com/embed/vCPq9K8HZlM\" width=\"640\" height=\"360\" class=\"note-video-clip\"></iframe><br></p>','2020-07-29 21:12:47','2020-08-16 21:01:52',0,'Test','af0e95d7b5c5fce01c9a89b4fea0d75f.jpg'),
(17,'Test',3,4,'<p><iframe frameborder=\"0\" src=\"//www.youtube.com/embed/vCPq9K8HZlM\" width=\"640\" height=\"360\" class=\"note-video-clip\"></iframe><br></p>','2020-07-29 21:13:02','2020-08-01 11:54:08',0,'Test','af0e95d7b5c5fce01c9a89b4fea0d75f.jpg'),
(18,'Test',3,4,'<p><iframe frameborder=\"0\" src=\"//www.youtube.com/embed/vCPq9K8HZlM\" width=\"640\" height=\"360\" class=\"note-video-clip\"></iframe><br></p>','2020-07-29 21:13:15','2020-08-16 21:01:45',0,'Test','af0e95d7b5c5fce01c9a89b4fea0d75f.jpg'),
(19,'Test',3,4,'<p><iframe frameborder=\"0\" src=\"//www.youtube.com/embed/vCPq9K8HZlM\" width=\"640\" height=\"360\" class=\"note-video-clip\"></iframe><br></p>','2020-07-29 21:13:28','2020-08-16 21:01:48',0,'Test','af0e95d7b5c5fce01c9a89b4fea0d75f.jpg'),
(20,'Test',3,4,'<p><iframe frameborder=\"0\" src=\"//www.youtube.com/embed/vCPq9K8HZlM\" width=\"640\" height=\"360\" class=\"note-video-clip\"></iframe><br></p>','2020-07-29 21:13:44','2020-08-16 21:01:58',0,'Test','af0e95d7b5c5fce01c9a89b4fea0d75f.jpg'),
(21,'New post',3,4,'<p><br></p><table class=\"table table-bordered\"><tbody><tr><td>andf</td><td>fssfdsf</td><td>dfdsf</td><td>fdf</td></tr><tr><td>dsdf</td><td>233</td><td>333</td><td>333</td></tr><tr><td>come</td><td>333</td><td>343</td><td>3434</td></tr></tbody></table><p><u>let take and come&nbsp;</u></p><p><u><font face=\"Comic Sans MS\">one the more of user</font></u></p>','2020-07-29 21:38:41','2020-08-16 21:13:38',1,'New-post','39611e7998b866e994f6d90437666fa2.jpg'),
(22,'New post',3,4,'<p><br></p><table class=\"table table-bordered\"><tbody><tr><td>andf</td><td>fssfdsf</td><td>dfdsf</td><td>fdf</td></tr><tr><td>dsdf</td><td>233</td><td>333</td><td>333</td></tr><tr><td>come</td><td>333</td><td>343</td><td>3434</td></tr></tbody></table><p><u>let take and come&nbsp;</u></p><p><u><font face=\"Comic Sans MS\">one the more of user</font></u></p>','2020-07-29 21:53:08','2020-08-16 21:59:46',1,'New-post','309fe3e1b666fea6ea5098a64da38c02.jpg'),
(23,'Albert Estien',5,3,'<p><iframe frameborder=\"0\" src=\"//www.youtube.com/embed/wFn8Lel9em4\" width=\"640\" height=\"360\" class=\"note-video-clip\"></iframe></p><ol><li>Albert Estien</li><li>good</li><li>to</li></ol>','2020-07-30 22:09:00',NULL,1,'Albert-Estien','32d3ca5e23f4ccf1e4c8660c40e75f33.png'),
(24,'React Learn',5,6,'<p><iframe frameborder=\"0\" src=\"//www.youtube.com/embed/OFHAIpw2oZI\" width=\"640\" height=\"360\" class=\"note-video-clip\"></iframe></p><h1>Rreact</h1><ul><li>Javascript framwork</li></ul>','2020-08-01 11:53:10',NULL,1,'React-Learn','43bfc6b38f0311f4f73e8d67166836fd.jpg'),
(25,'Java',8,10,'<p><img src=\"data:image/jpeg;base64,/9j/4AAQSkZJRgABAQAAAQABAAD/7QA2UGhvdG9zaG9wIDMuMAA4QklNBAQAAAAAABkcAmcAFDk5bklIbVlfc3RxQnlaa05QWmROAP/bAEMACQkJCQoJCgwMCg8QDhAPFRQSEhQVIBcZFxkXIDEfJB8fJB8xLDUrKCs1LE49Nzc9TlpMSExabmJiboqDirS08v/bAEMBCQkJCQoJCgwMCg8QDhAPFRQSEhQVIBcZFxkXIDEfJB8fJB8xLDUrKCs1LE49Nzc9TlpMSExabmJiboqDirS08v/CABEIAWgC0AMBIgACEQEDEQH/xAAbAAACAwEBAQAAAAAAAAAAAAACAwABBAUGB//EABkBAQEBAQEBAAAAAAAAAAAAAAABAgMEBf/aAAwDAQACEAMQAAABFnF0+X0dfPw0s9guKOncz81ljRdsrlK9Lrjym3075eLr6JmE9cMj7UmatSl5PO9Cs4qu1LOFfbdXBv0FrwWdwk47ulSYo8rMSelnTnK352eRsaec48nSHVz6s7cc6haLvKWty5Q6Y3fGy+hx6irfn5Y6fW8sPTPs+Rw9DL5iHG9CZoxjM8raM25u/TSdhnrl5+zm9MqGB25QZWbJJEqQlSEurJchJIQSE6c2l5PTgnRlYS3VGKdGGJuhlZZoGxRmWoAMkVCKkVqmS7aZmXthzy23GM9VrirdDBOhRzA6lWcydKHMnQUZenl3dOeXD01TGHP0AxwwMZFwzXXT0nCubJqYrc90mgFScaRqDdwa8xzO/K0c4rVibxrILaQ3MPW9V2XfvryuQzP1zVSJUqRKkLqQkuFFVkkhJKKkh6cX14/VhHoTUA2HC7IQoZypN8sTT63lcKA2ZAEcsCyrNqrOVVskBDqUYUUBOkGNpViQi82lViOhz93p4rbWozc/o83h5c8fTK1svfoXBKegiq1GrFAzasmuWwlVcnowaJnqI5h70xE7HLfKZ2pz15xfql7cbesOueMh6euAlyKkhJIVchJISSEkolSRJLPYw54/TVFFGDZI1lgWcljkvuQFydSLYIJDNRlBA5YkNZ40dpbmyrtKoqqgYJAalRFnP1mgyh1xv6HG1bztvmajVyNE58s9EPPkMIb3zXRb7tITzoQYpRz9/n64ZV2dzDqKO/H6OdM2xU4dkparOoxcs2Bnfc+cy+u4Pq4c4WB150J0DCkDJCSSJJSwZIkkJJZ7mmV4/Tnzb02WbCzQtktqHVyETm1No8sOmOofIdm9UFMxuMuRQxuom2rqjBsXUHI6uypRLSW8jcDIc7c2GPNuXPwFWnOB2I73KlvpOXtR5ua0BJrPdK6dtprZndJciNCdHP6cui3jmaVGrn01bedoxrUWC863pWE0VpJGkuU92IorjdnJ6OPPHqu3njTsSORfVXm8tHUzbxjEw1mSQkkJdWe+q68noQnVy9TpNz6MauxheQ+ZvBY15fRydWVwbkqOjv4myXr6cmnz9WHV1dQbAMSKKiBhCSXl6YHlNw0zbg2bxObtT0mY2PxclLJdPewLdPQc/geo5Z4MNcznUYOmpoFOkU1UbOY/kdOOtmLdc7MuzJy6WYTHTW3AzG9KYCnFzUbFmh0ECdmNdRYyDFY6yY0KDmPF24iti94kkJJC7qHua4k8no7CubDpFy4vUXig3A3n+jhWYl6z6DrcpnHt0eeC45dmj0cuv1OLsjpzjVjXavikdm+JUvcvh3m9seVs1NnP3crWeaIM1HNVZLNGprdpLN8wL8ldHkvauf2viu7iqWGBNtEWOjDApu1MCOkhXO3x72rzN6eoycvrx529WTn2YSnZpHRZ0i6vUIwiHQ2QltlC6RqPma7HhbNZ5qupq6Y5nP8AS8CRMId4kkIVWdVx6uNykgec03O3XBJ+HWr5nU5XfKmgcvYLPo56qqJpOXUvfPs9HF2u3Pz3P7nE5aWtmHlXv5nQa6HSW6210nSsrOcqQitZ1vy9NBDThl7B59ubyuZ6Dg9Zr1czbq7F78Szzvps3Ocy4XHpDA5ogsafg3498clkNaN3H0HV5u9XLpi0C7GqkGaEpeoNGuy2pcLOpKpetvbknZ0HLiZpGVAvFrFxPQ4GfPVc68KkhLkOxV9Ly459a0TCD3Z+MvIytb08fs8j3dVLck3dDidGXTYlLgrYtOr1fOau3PRwnhzudW283majuXT1eBtXpEroWq4ve52rxc+7PIPa4XUk34tY40TcuoPj9XnbnG0pV0nSbi7cVqEcuPJOXeENwQ2BWT02Dpx5xCrUrdyetLvUdceik6VzSSbULqxtoTVcx+dyEp2TTfOpt9HPzmu8+s9svPdHGtoNrn0zq1KjyCery+3Abq4kkNG8cnknWPmAxufg0efJqRfbr0eN0Mnr1nJ16AyxGzPdMGjLYJQVUKlFCOtUGxAGrfxixe7fAsZnGFkurOs/h9PN6T87YHO1cvNX16sLDiHU6reVhXqidc+w3LiwMTsnjC8+liSzU586WOxWsTxuqMMapRraAYNkWQXNPzOsfk1ZemOn6LxHqdaOnoxvHj603jk9bkBrPay1jyxc3fz9c6urlkkOwhteW5T0V0q2nQljR3V0dazLqWClygTUQyVYUq1gFCCVFLJYSTWFsybZc5Ig5OsYyjozoLs8rq7/ADh5ekDzzJe/nZmrimDdTrc3tzOs4XOfYTogRYscmc7fHrTiw7oc/wBLLQbs+bmS7PnS0klYEGyxobIxc1NZ59ZznMyd+frh830+XfoRic6z49zGeM5XR7cMHC9T5fnqpJvEkh0T7rPn+zzs2Y/TyupNo8NlxkhD05gxdxFGAsigJWawCoGXRY1YtZiAJCP1JbGIipdLcT4PPrWYa0IQJdUswM9GkmJ58xfXRfi6OOmMGBz60YlLFsXZ2G5GdOGjKzJqaell089ig15ufNpy50hGhVKo6KlBTLz2mw8zpX4tuftxyDrT2x2X+W2cvR3V5b5dG6M3UTn+X9j5rfPnyTfKSQ90WTZ8X6DPL+kd1x42+ng93HXTld+KQlWBRDA1YqRCQcEwKOhV3IEWCKBqgbo7dclxnglAxqxrcRjENUiaoKuVE6b+a2wX5tKn6LiehxvgVdc+skuagmFz0Gob04Xm1Za6N5D49nZxVjQZjXaAGzWUHuuTDWgKWJrsKC5ao1azoXj1enzpT1M1Y9wLxtvZ81MdPTcAImCSXEks9JObt8Xt0MypTr48mjfOgdk9XnVVgENUQbqWyFlWcsimqJdFFLKhYGAEql3mDTAVgOoJAUQlS6QUuCwJd2nYkhacvTGa2cvOjmfo43km3Hndyoai16+nDmq6nPUyk4d0rfjlir1WK1zLclkANDECuYNjpbEyRzcUGIPL0xp1cxu89hXNK56CkEMXWVVVJjUutKuK78vq2vwXvO8ST24FkYqwRKgRkQasZTbncNuXS40IgWJVQSlsUoyQ1Px64Tn2ZgSWdWjQsWYRCUdUFECXJC9iNa+28V67zGbN2V/Pfa5OnXHnaelvt78nS6cObl0J59RAlY2lTOhYmjxWCh4KgtF2Z5ohkrSCZY0NZVG1YheyzmDty7yNjLDgSiqriSQv0nA9FL5922cemTcllPBE7c7VYEgkCEBCoJK1okGSiDlQqriqkogWIFMAmrK2NKmAZYQU6UYC3OTAHaVm8q+s84+jpkZrl07FYStfmfisdlKXq8Lr8hrqdTFo1zzotfLsAR9OosVytbBauzKJCiDCEFGlZlTpz9MVY3ZcqGjLsPN4FdHndeckmpJIS5qzae6c99i6Yzk5mzB0WaojE0AywqrRDgNZrlpmOGqsrR5IIbQwkGixsSxhUJSDqgwKrGjNdDdGJsdQ8ezFkihvOPbqD6LNq1kuX0lx5tXQw46nCPLZzO5kXb0MPU6Y86Erj2HVl0A42qshQ5bg0HAtDhEAp6pc+fVm3hN2O83CpHbMGzG3+c9h585NnXo5DJoyDXovz+hRNmd9Ekq9HlRk3Y6RV56uoaCPS6ubw94b6z4tfOszKOoF7e5Lx1ek5ic21dG3HehQA2EFBlMiyNGdqgTUQ6oQAMAFiOuA7XcgtAKKJCw1EQkH4cdHtxbU1XQS+kYjPc8airj6BdlZciNSjIYQgMl0ZDCQa5JV5dWTeVCQbwcq7L0ZXZvYbh63LebD6l/THzfZ6nh53luFy7DRwdl0r9XlRNb83mBvYk34ZZuyW44HTSNDlcnNB6uiNNE1nRE2YOoqU4VwtbhhefZZivfDm5e8NedvfiWSQpbVDu9w+qjACiQIl3ZLHWwRzuxyM6T0cjK6efOyPTc3bhOVFXx7lCRctE61llQpaZcBgwu6i2Q3AZtSbMQtHpipIgmF1pdjM9N1eJ1MtPF6eXGvN3SJt8RK6SQ1dOS3LXz6XoF++dxK7lq0SiwbUCQOs7XrzMNsqbxdjC5USQhClWHBobaYOALpPJ7fJUA2ozpAOUmnq8jvJmjqpBNYJax8q3mRl4PpfMqVVM6Y3MEvt+Z0cmsebeuuXZmaKud0x6tTQRHAxsVJFIVGWKo1kSakUuw6ZuBCEA2PJGs9E5YYbMbuRKsuJ2emD0GGiGY93PaAcrGqFs7clRssVDIATo5z31nWaMPNIq0WImhWsjKIqSFSrLuWVLIE6IHD0AtxAU56yr2AZPTcLrDKk1kjCxlpE1KzwDm9dtcOd8188z0m6VufYKeJQ/Px9C1vz3CetzPU7mRwaYFlDlBIVlVUTO2CFNVrOUGp1INjqQSFJ3uP3R95mc+m3znZxM8Hp9B3bmTyGXD0MuuayL0745ye5j688EsMUaoVuAA1IrMHUw6K06VhZqrImDWAyttVjYqGiJJGkmDjzkrrQYAPmOmYnhio25+guc6rrylVLLlEUTXCXNYW4GDWKYHYyzx+Po8vh6SU4JFe08t2OmKpY5rSysHUELGqlkCoimjZkRoTuIWb9ZXqM0PWE56M1VnQ7uV11ZVH6ODcz4mDVI0vTJ0x1MUlnEXJy6DUll1IQZChkSwkJcinUgMkFjJmxkgUkS7kIUikyTGiCTHSdCSJjk68zOTWWFIEcg45BjJAikJJK8nzZOHo0LkZfqksmeSUSk3GyTMOSSiMi0EgrPJvM1SXMfJmlJOeyTJQdaTUcyTvxlyJ/8QAKBAAAgIBBAICAgMBAQEAAAAAAAECEQMQEiAhEzEEMCIyFEBBIzNC/9oACAEBAAEFAvKLLZWQlKjyUeSTN9J5oDzHnZ5plzYoTkR+OyOGhQNpR/rhI8WQflipyYqskzspi3H5FG1GyIoRNqNiHiQ8Q4E11tMMd+bLulk2SF0IsblakexYJn8aSHjmdoXUUYZQMUcd5FiY4wk3BQkyRt0Ss8daT7hP/phwvqXX9OGSUZP5XyWN5GVMqZskLGxYSPx7F8WAvj4EKGFC8J/yLxG/GjywPJAeSBuhp44HhxseGCNq0qTFBm0oWm5G9G8UzfY5sc2U5DhRje2Tu+z/AFlClRvQskTyRPLE3RZkjGRJJSHVeWZuZ+Q3IU2bhNm5C97rP9gYvxm/wm3/AFOzs7KkVI/I3SQsjPKzys8rPOzzs/kM88j+RI/kSHmkxZZI/kSPPM88x5Zs3zPJMWWZ5cp5Mp5Mpvym/Kbsp/1Lyl5T/qf9CCblRKPWjjZjhQ11sHCtUfiPbRP/ANHAoktISH2UJCdDa0sTEzL6+RK2/wCpXGijabUbUbDYjajaikbEbTajYjYjYjabUbTabTabTabTabTYeNG3RmD9mMUdzoofRdiJr8a5ZXWaM9Gh9ETs7L0RuHIU+0yHZN93/ToocWKDEnyrWtOtaK1r7rGz449IKnnVTelaZf05Z/8A2T0ujehKJDxIlsY46JPSimRIsn+39WiuK0oorSvqrlQlw7KGusPQ+9EfL6iJd6S9Ll8j/wBorXaXQ+z/ACO4jhtbIoqB+B4sTJYZRIkvf9Oiitb0RWiKNulariudaLi50biJHHuJRnAWVHye8W7g/X+R45+s1ljYibs/yGFsjjSbGyyxCkSxpmSLUv799XxvgtE/pl79E53rdCzziebLIjcI/wAhCUch/tCRL9RcGZFCUpYEPFOLcSCKIrv/AOV0djK0s3CkSjHIp/HnH+nWkukp7iiiuW4s3C0fFfXJkpXpGJPakno5USkL1g+U4LZ5F6LJfqIWrM//AKqbFkR+MjJ0IQssR5YHls3DZfCyMzPHcbJGyRRskbJHjZ4mbJfXRtRHFGJRXBjfTmbzebkLIRnfJrS9e+LMk7YlY4khMb0paRjJuPmgZ+srY/1P/rWRnX/QsTJ9xQhUx4kxQa4Jl62WfmeTKLyM2cGSXX0PSTITlIt8LJyJTHIs3FikKQuxC+2bosbI9L9nNxaS7rWEdxBJKOSCPlr80iXo/wB1Znre9puiiMmyVOK0sUjcPv6Uyy+U319T9QnkbTLLNyHMySLGyxY8jPFkQhMhMjKxcL+jJOiU7ViH+uKbi9nce5uNaLuUl4TJ8jvL088f+fsl6I8GfLT8ooyYsEiEZQJKnpZej+my+DGxu/q3Ici9N2rJPtsZ8XGttaZcKelkJikWbiy+PelGSiQhEn1CVEpGKJP0y6Hn3fGujc2OayfGtEpKhC1ZlnFSTxnRF0lJmbCnEv6FyvS9GSekIfQ8uU3ZTdlLyl5S8humXMt02PSDlGPkmeTIPJkJrSEbGpxN0jfMUpFstlyLkVI2MhCh+pxJCEezYbTEqjJE490KFnhZskjBKoySk5VouDPkdzoqQpzQs0jDNyWWFS0XBcGLRjZYmK2PFJi+OLCkUTVS5bkKcTdE3xN5aE41aMg9Mf7WWXpIrvChwRNUN2bjeeRFkYijpZKZ5SbsjpDSyPpmSHRFJiiPGpR+O1jlL4/TXfFmeMnLx5D80K9MMiXYtFzXCRRHE5CwCgkVqz5C75Lo8mMntcvRHIiGWJ8rFtcOzL60j0R/Zi0mJ94NJkun71iL0MZVkvbELsgiS0hpJWS/GSITZHbsy5ItYPkOJ8nDt1WrM83GV2NPWD/NjRX0LhtsjGKcHF888LhysnYmlpT0WWcT059w1xvRaZb3QT3Yn25dZGmSKHoiGShSvRRsqice3EZEh6Y0JqKu9M0S6ISFbNpij387LyZ8pPekyiSotGFJzmu6H9CFpJ0oQk4lSRD5AmnwaGupxp8YOLcUjxbntadJE+2L3dxeqIyExjIL8k6nLIWbUyijxm0UWLojIQxol7emJi1QyZJaQl3FCJ/kuLGouM8JKORDuqZ8ZNNyRd6UVzWmQ+M7xzgmSx0OJ+eMhnT45V3xl+0E3BSkhzbXsXpilTdST026LTcWXxsvhZuFno/kJm5VNl6KVEchYtGSJQYsTZjw44x8klLzNHli+TLpXZ2PDFkoTgLqMUei/pWkj4sy7UkJbo7KJQMeSUBSTVk5USdj4yimoylCUp7iLLN/TbeiZLtpfTZZfCxssWt8UQkKV6PX0ZczkQlZl6Sm75NXpuZbR5DI7aRQ/pQhiltljyKSZD9pEknF9Ck4NTtTY/XKUUz0Q2ttSjIp8F/SQkP2iiuCkRyEZWWXpOXTZH3VwUe+D0yT2nkN6N2kY7pbSh6PmhMlEZhybJp2epS9f5/9ZIUY/bVko/hxsss6N7NxvNw+D+69I+/8b7j7KGh8FJo8kiOSVx9ZNIe4ev47558WSR48qPzR5GQlZihSejY2PmrFYmTiNEM0omHJvltF6YxxqaiTX48VZ2uUV/VgS0QtKGuUPcfWRDIruDJbucHUNzR5GOSkRjC/8ejRQ9aK5e00OJCTxyXyYtLskmiyu9JKpcPyO6zY9r1irOvtvSy+MES1sT1a4w9wfU/UvcBe5RuL5JrYmbi/ygtGNjkNj1ssstlsTL4uJizOB5twrI+1BMcKfyFU+CLGo7ckHjekVSY/6D4RJcU9XxhIlLp9kEf7OP8Ay5JXDaNEY97qNw5DY2MvWjabTaUUUIvu1IcWMojafmojm/KOVDyGf8nwjIV6UnHJgoiuyQ3yX0viiWi4WXyiXpAh3PO6P94p1BTRLsi6EWNjY9VCxQOiyxsbEy9JLSOSj8ZG0oaNonJG6R/nB/IgyOfv+UealD5KJbNw39j0Q+SGhi0fF8FqjD3P5MnvTvko7oLHRtkz1zUT0OQ3xWliZNUXYuhZBOLGjZZsKJdLhHoWyR4IksETwpaP1f2r6IjH9tiZFKRgxvf8iV5YEVZLC1wwq4bRqktWN6RgeiUy/qbGKRuLNzFkkjys8hJ3wxw3zEyLYs3T70l6f0L7YvoaGL7cT/KCSwvuUUQIu1mx7Xp8f9DIVq2KLbUKHIbGUVpRRXGhorhZZfH4eOo7ZCUj8kLdf+D+laLV/RETHqtK+lRIxoi6wUrQhSIVkJx2SPifpRL3ejYo2JUSZY9EhooornQ4j+mKuSyRSUjceQiN6P61wfNC0fGiitaYoCxigWTy/inotISp/JSljMSnSyyLHp7EhsbvWvtonAf0R08ED+PA8EUei9b43ovvQhj0WqVnjPELEjYij8USyIjCTTg9FrZuvAfGVwmtJaRQx6rmx8VojJjrnjhZtifgjaUZOk3yvRsVs9F6LS/sWn+aXpF8EWTdmDAKKNqZlwdyi4l641cPR8P9cn6DEIlouSK7GMfFESUOpqnwjGzYbEbVokZJXyssbIwvR6WJiel/WtL4pkZCkhsujfZjjQsqN6N6HkiZmpm2tcHv5MNs/ipqDTavg+V6LVjHygR7XyIVLa6qtIQs9cZPpj0vSyztkcYoFUSY9VE2SrS/qfCiitItsuhY5SNkIj2m5DLLPRKQmWRdP5ErjD9W6XCWt6+xcWNcoshIli3kPjdZvjCxd1xbHK2x6Mo2SMfxpzJ4I4safaJEtKIQbIY4xRlxaQw7oeGQ8cypc3ohcYYRRiiX5IssvRImunpjiUZv1j6zPrR6MX0Lg9VohEGRdEWjamTwRMkNr4ZU1GPqjYbDxGL41mzFE3kvyS6kPSiMLIrarLLHhVr1elI2xHBHiFhR4B4Wk4Mei4Ylc9xuNxetCQkTvxvTF6szeo/rn9tkRifT+paUS5pnkZglZemeIxaz3bRLRkejcezbIUDPjoT6esfXFMsv6KMsBdi0vTD+3KhLSd7NFKjyDe4h6+SMWi9i1r6X9DPj+rEZCdp3I/6lZjNNOCXSLKt7RQRS03M9i/EesPqrjek/UdL1w/txViTOxE78esUOSpKVfJ9MXofTFyrk/px9RsRldClZ+SExUyYvWmPoc6HkN5Zek0LvWPCuFL6WiqlQ1rj/AGkq1o2lCTEtJ/preigjOvwZfVjZGQta4rg/oxK5f4I+RLpSMchwUjxSRmq+Ncv1nRWi+iy+dGVCGUUL37xll8fISc5FTKmbZm2ZHHOT20ZY/gPR6Qvahc2PR/RgVDYiz5H7bWiCaIvR/skPWjaUVwcU9a0UStb+yStLWjaYv/KvpSKFEWMjGjsl+ktHr8bHv+LD6Ho9HwvSERdaIk6W1SPEjHHpI6EvyrqihqjvnZL1u7QrHaENJj6L1ssssssssssku6KPWmL1pfCtEhQYosUde9MiqY9Yf8sXosvjfF8FGzaQjqicjEvxoqjo2yv/AH/E4kFEfSyRpWPSyyzss6ISR6HlRuoeYlLjaL5oYtK0ww3LSiipG2QkVotEfloiz5P/AKorTDHdklO5DZel/Q9Yx0QtXKtMXrgytyliax/HH2vcH0+VG02RNtnjieOJ44m1FFFDRtNovoWqRie15o1LhXJcczuf+oZi61eiZZfJjGRWqRestIfrQtf/xAAkEQACAgICAgIDAQEAAAAAAAAAAQIRECASMDFAEyEDMkFCUf/aAAgBAwEBPwGy8XrZZyLORyORb0o8YoUD4ysUcTjlCLJvx20UVvSKKKKKHHE0cqFbEJFFD84eKwsPrrqW7z+SP2JkJaMsYoigfEfH6LF12XmSsohEWWvOEhIWXGyUO+zmcxPosb0X2Tgfj2iULWUDgfGcBrplhIoTE9r1R4J/wWj/AKWRYuqT1TLRZyJsQh4TL7GLR4W6G8M4klo5UfIfKc83h4s5F6PCytn5xXQ5ieZaTzF6JjKKFoh7oWZeRMjsiTHE+0RmJ6v7KKIx772WWcSt5siUSgJ15JT04nA4HH1EhZbORYtmhOhPEo2cPsks/ENViT9SOj6poUiMy8T0cbGqH6iI5kREuiQ0JimKZOSzzPkJzv8Anq/8ExPEiGl6WWMo460ND9VYWGR2orq+Rj/JfrLT+iXXQ1lI4+otLFn+4fUiawkRgV7Kz/oQxdNl4hlZv1YjER/bD7EI5nMjqvTWKF+w+1aR2vD6q3svCw+x5RyOXesV0rwhj6orH+XrHvWX0Lx1rL8Z/8QAJREAAgIBAwQDAQEBAAAAAAAAAAECERASIDADITFAE0FRYRQy/9oACAECAQE/AdBoNJpX6di/4asUJGko0lFFbGPsJ4UTTlxsgtI5SEM0/wBIfhI6UfvivNl7rLNRZZZqNQpYksrYssnGzp/gkNEey49WxCeaK4I+RElmL3LuxqI6RqX4ayLvmvCxeL4FEUcUSgNEdix2JMllOiHVT51E+McN1ZURIrCGTI7FhlnbbCZ8h8p8gp7qzBCQ2WOI4i2JGkWEPMyOxYZRXAiK26TTI0GghGhjEIcDTmihbLzLasPgSwjUJ7GOaRFp/eF4wkURxPcsXhZY8xx+8C6bNOVs02fF/Sa013On1COaEWSKNJQhsQ8ITLLGx5jh74IUqLUiUMLY3quiKl+k4SbOn0q8keOsuOby8ovD3dMkJkZ/o0n4Iw2Lp13sor0aKEsvKRpw9ydM8oawnR8nYi8/6f4QlqV4RXpvZHD4OkxocRoSI7On1dJCal4F6jHmIx8EH3E8aRwIxyuhE/zo6XR0979Z5iSHvooTLLLLzrFK/aiSe6xPNie59NEYV6VmovauJZsTvLNeF6i51lnTkWN0Smatt5v0Xij6GLes0V3NRN3ssRXqsQx+MLetssaD4x7KK9Z+MLkYssQtjKFxJj+tizWVxvEdigaOd4vhkLgWW9qEPneY+OB5W5YlhC/6Wf/EADEQAAECBAQEBQQCAwEAAAAAAAEAMQIQESAhMDJAEkFQUSJhcYGRAzNyoVJgQmKCwf/aAAgBAQAGPwJsF4YIj6BfbPvgnHzLkFjEFrPwnMuydc5crHKeoXhWNPlYhNNitJWmXNNEtB+V9tfbWhNJkB5SHEozIKnMJ1WFYusAVqWpPKE95EEOhWI8SxiFUICeLsiASaXPIRc0D2RG0B4QVqWJTp7HTlMmTWtLArUZMmsefK5kyadZNe8/CiOQnqMnNrWU7owI7RkyZNNkyZaVoWlaFoWhaVoWhaVpWgLQFoC0haQtIWkJguS5LknWpOtS1rWVrKoTW6Ktz2RZ8MYXt1qLYRZ5h7o9Aeb7eKYObFdiF2yYvXq7zisgizIstlpCai7jqvO57YPXMitA7SrkVhdHreCovFF7KhFQiYK+ixyqeie4ZNCsMR1vBPLgIwRyvYWATxwT5WCZNJtjheZVTp5PtXuwQPBh3UWT7CyGzDMZchsWWiiZNmPs+GQtC4Y4n5L2yf8AkJ0yYLDoTrGb3smsbZHBVkZwnkURBpUJ7r6Z/wBcn/kSaWMOHTOIzqH29bDBE9cJCqHdOE4vAP8AEJ1yTLFccO/cfCcfCcfC1fpav0tX6WofC1fq0CrJ0/6Wqx1qK1FaitUXytR+VqPytR+U5+U5+VzzsFiETyCJIfIH4iTp5HcG8J091bGTFMtKaxqpk23MMYwX1DCagNkCn8RaQjtwcjGBeGTJ8Fxw6Tm0uGzrVUVOFcXe8fiFqsGwZYZ4m0u47LwtlBRBDdhQQi+D8BaM+oWKqFisLjdQryRpgeyoQVWqaZya743w1HJeFaU6ZVzwmWCxFJeK031h5OnTtbht3zaxT7Xw+i5LlM59Ley8srzVQaHpVVRUOTD+Ik+yqqyin/7m0KoepfTx/wAdr5HJN7JgmHTHF/0zDAT4V9uL4THaUyDcybp2F8H4rAlY1VDCCPNYQgbOuQbdCZVDdNBv+n6TO2pl1BPoq+JULFeXI9MgRug9JnoNOOirU+iwrRUOIVYa06XDjyvg2+OaydOgaYFMVxQjpIQvh9061dDxhC8KYhN0uK/3PQ4Ye9lE3SoovJGyoafvKnQTH3XIrStJWI6ZhZQoiUX5dCHZapOnT9LpdDHKsPKJeIf0/CTXRSj/ACXPc1vqZN02pCaWFsQl9T8keiV6VUhdk84bovMo9NxyK02+M2yofQbzGWNw2PcyJEgZtsMFSubDhyQHSanASwCOX5WtJpvuB6BDoeOVxDoxuHohv9JX2ytCYIDzvZOZOqdAZMEy0plFgWuhxDIY16B3TSFhk9tcxs8ZDp0fS4YckcR6bsX4RfKgAzKbUXQGTZGgrQVoK0FU4TKLDldxf0QjtmNN1FcR57iqoqFxkvl+W2iue9rIhaBvNf6tZVzKKm1jsaxsmKwbk3URXlKipktY21qGOwiNh33/xAApEAACAgICAgIBAwUBAAAAAAAAAREhEDFBUWFxIIGRobHwMEDR4fHB/9oACAEBAAE/IatNs+ELFMW2NeSDUtfqYpqSZHdTdsSPhXTO9PwJQSFENz2xt1Hohs2zOGb2c8YXoEn8R6s2iaF5IsJvePjfTNJJ9R+JnCZx5Fu4X3Iyav0iX/wC/wBEeV+DzTQmewu8+xdiEXKf8nkEg8CeB/g/iRaPAkiQJK2xobci5kSn+mQj6C7QlmNkKQE6gkVY9BWsfRuNVPDQ9Aphpli3E/sOyL5Po3z4JZ1CdH5BpUm/ojwfhkkWRMIeUlfs8CWzRqyUyFaFiFTZ52Jg3NDY3/YyJC1OjoPqi/l94E3Mk5GuRjwvNLmD+zVFV/2JhrOvBP1iQbr6EzYvTHD5PsfuHvG0giA04kTEf+HLEl5yE/X0hJmUeJEn4GzpDcVfUU2qHdajE/SAkxpKG0QkxyK2kRdIldoSPAF1foTLf6DiZN+oFrfQSbnJJTg8snexPZK9MQ5YlQmkgEmwiUkQSGL8BlLfQsemSLMyf7KxARgvALqKn/snb/k/jZ435P5WJH+wv+4h/wBz+NlH+R/AxN/kMuX2f9Y/7R/1D/IWMhnk4IND/wAsbOPxP4ET8/gQ8PwNr/wJ/wCJEZuRJm3BGYh2PgsCGqGecvIyTbSLuESYJLFT3CtlF2+SxUMmNCyr1+xRI+whKhSNRBBqngWljjoUjdMduBjU8nly2JTAYf8AZQhIV2KHynlUPUSPaPASkPAkcYX0C6hAl6PFhWES4oESIkw9EeUHoeo5HgIrgaIF24MTS5HBw0PASS/YSSJxdiVwLLHfR/Ya9sdjWhOSwReDfJsQg8IzA2miz1OBif7Re0T+vR2CJEV0JIaF5iWVJRsgq7IFggjBIgSI9EEEEPKTLJY/IqNsLU4EX71Iw0pt0NFfZRZkhWciy9D/AKP7EzFglcNDXgZe4fVKCeGmc0dEdUM9Q9IvTR+uf2keCMykvo50SMpEllgQiBCIQkJeSCBitEYJEEEYeBBA0xpg3IGHsGgJCH6XI54E7WlwRUGiBaiZv4PR+x/YsJY7Qr7JQl0Sm5JMzosHR7xFwLbYNepPBcoHcwbyCP7UJGi2ENdkehBVkbIrwfQajrDEkn4HPRbgWI8EeCMoXRDpPeG7jDTS2yRGxs35EHJxUy9uDmUXq8i1NQ8Nwbfs2DGnweh39L9hJIpFsFzwwcEIpUsUeFC1kIMxy2cYdBTtRf8AaxlCIFCPog0JpDRiD4JRXGKPoITQ2jQTLGmqJRRKJRPkk/OSUO8OWS9Nisa2KOIn7SNUfQcRyPqNbbgdQp0N4cX4JlMusHHyGluv2HDgUSyZScjcJD6OSRehuEEEvY53AginAkyebvY5p6Bpra/s0eSTGickkxBYIzKJoaJXs0Iz2aUJYJNn3huj0H1f0QkIsZFfFCUsexNiHsn+8KgfSg9CVmKsluRoytxKFKQW3yUC0Mp+B4Q7TfzoS5k5SJVwLFGMDWcLOpkUrJZmcJkEQEeUtFu5ByJvSKNjxY4eRxdmh6/oNIgNih6P9yNRCCHiiIXcnn9nk8IcntAlOg5bbYxQm3yL2fY0xJjC0SFLLWN9llikaNlASTBsbhDy4vGBlFuyTgaFmDYyUt4OEfYWdJSwtCoIWElH8H0Osm4wYTcsA4gnsnYsiScXJEylWLVY/wANQobcsgY0ITS5Rx/QkX0NSp2WX5BN2FI50X0OBBUlaQ2IxYieQfOxmPtgvQtjKxxmSfGXoOxIIb0OFL9FQ2NSXzhokY/ghTbJdJKgWljlYOaPWTYWdBtrj/DhPWkOtCF8XvBfBGQbxOGycSUCQZbGxyMZod/0W0V2VCK07oaIQXLEmS6D9eFyLYtOW4xAKTOEwxMkk5fYpIIzAwC2LMoXSkc9jv0m4NwhMPYsCIT1IS7U00yUtIs3sS2kSdTjBZ1LJJx/4l9MYQmOe/wTiZIoVlYE8JJJEc4kmsrZOUBIn+i35Ox4PQkkNyNtIk58ouM5BpJZSbepGj6PDE+kaYoMmSs8ovJHsewhItaI8HI/AhkvKGshocG2OiIoSY0+BsRi1sQ6VVlNoxPTTGhZrhAo/wD2NN+Y4+JozYJ/4jHA1psJoSSVq0eZmjWCc4RwT/SJEJGJHGKDn5uRieui4eAF0RHxCGeMLinM2xM4LwIf9UfwoaH7EMmezkXsaymEs4/Z/seGRC/7o/6IbE9/sTf5xtN/ZjzsMslODCmg04GwgFNERczlDYrGyxDGlomBDSWlwIjajRwvQnmBEnJoxEPbLQoJQ5AeyJJ6JhogQk44GbY0I0NsUwTwIyjQUN7wziQP5ubBprhI+JiTtHVL+ikmziv8EISGwxa9EZ2Y5EvIO2obZeg90CXApwPeUqCrKMDaLw+4Ukn2NdiYGowclQ4KGpZIkaiRJHRtY0YPuCSR12CBMjltRDvgVcjXF0xaWEc40ZxXFxzI9DGZ2SuSN8oySVmgt4cj0ckXh4MVPDCkasXyaFYNECWQ9z5zt+hXd9Em0hdCYVakraSXDKa7PA+jskkf5y85IKadPDc2NYhhqQ4a8tC1C2Rk14G10NNoizhIpEsMM2TCQ2LPBXODkstiRANTgfpkqyamvBFcPyU2UktHxksaMQa0c94EjZLJY+UgmU6KsVDgd4WGMLKQ2KQminggiyCBjRJdq/nvBUogganQ0cjQpjbTbTKlnLh8GwxqGNYTNm0LbHTGqQgliF+IWy2mXycMdPZKPAtxBLGcIe0MhUbwGvAsDkxBi6CJot0XAcVCpEjlCZz8Iz6dEyH3CP1RwIQsaDIKfIpu2cZqBcw0UTyRTBkCU/Bm3wYmFLVJA7BPkYoX5i2WlDw8Egg3n5MqIa5OLD/IfHzlyVHMSX6OmRmUCBC0Q12mUYxjMfyhIyZBeyWWi4kjUSNn5sbExDJdjMeycQmcmBwpiC0zeye2ColqRhwbKDUWwqRiEykaHQqkXRxhZ0EpJU5J+oNmyEaViXkMLaRMFINE8aQ8ti+AoK6wx7iG4kdkNlOu0Qio+zarHA9Ft2c/F2ngnA/BwJJf3IUDba2JIgtl7CaGf59G3nKIwlEBmYpEu8Th7YknBOmPSzUHpyFyxYOaiSpFIRFYWGHQ2Ha98Dg064OckyG006ER8lTWoiRHkvQ96Oqa8DtqbbLZbJhSJPLwxvgZN4Is2RJ9dYElCo2rVMbPTroROpdDCHfQlSc4QsDb46RHYWogbqqdpaIKYnOhQeyE4I+CQwECQ/gokTEHgkkli+ANjpj8hieWh7FCA44ZIRCJSsUKkeMCOQilPJBHxcjoLVnBIXMPQSuEOfBKcnIzgYxnORLHKUU0ZZFEcMrZYkLJp2uBJF9oTMiYTYb+LtEh0NQssiE6noal/wA8CVC5SBQl5FDEkagY38ESTmI5H8JGbFReKyGGNbGySMUQp0NXyORJAxM8WiUn5+TkbBSSvJM8EEOzymmOc4FBRgkkRgxskkZyNglUo9Bl3QxXI4JLMbUjlpj7q0MhMIvlKKiCHQh3fQoa/ESwnELVEul+CXS/BJ8ISpYiR+dDDWV8HjjDZOD8Fg8Az5EWPBS8pibZ5DnC0sWMFTicqb9i+DOSDY6j30h9L9MSqY94SIFtHqOsgw8aw2yxBAVQWTwSFq0iWGzQ2hsmWRQrTKLJR5+KPy/A1sZe1lZ5GOW/AkcwIa4Hr4IZHwY8PCXI1QQVGFY8OBrDwkrgrNtYlsDK0/iYyExQSlr2zvIN34IDtM8IVBhrCxUfwYIELDQWExH32bAUynTEkiEGrw7lET8/H3+iL7J7rRRF/wBPg1tDhUQVNGp6OTQ38IIQycIyOcN5E2R8HsawNQRhlFEvYaclBCx4XyMSVz/mdQ6dfUl1SqKpNDYEEusKJQwxLAgbitDUsaggdwJpaK4QzIabCA1JM/F/EU9iKcYdqBnb7EQl2wSsXPZ/E5Qa2PCwiBqMTiMpZ7ELRvloVYJ5Y8JvDFsqLZzYHIq5h7Ofb4se+m+P6mm2vRCtsiukSIoFLbwNxMPJP0TwiNUIyQ44CF08JOGMpKQoLUCMAgazr4zWZlpxseis4fIlq2fko0P71oHV22a6JB0huMjpx8SOT7wyyCCQ8r452MnFhjXwccxSN4goLyVKh0Ht8l0u/wBxzsWBGg7DCGOLEEDmEIcFkp+CqY7ZLkbSyHDTJawkGOQJh38WwkaS9JZBchzGGhyILYvAkkCRlWOyR5RGEqINhKsGGOR4WzUoKMbKB50I+CBKyaEpi13AiyH8dpj/AGIVTNJ/giJRAqOBoYx28CUColGzoYxoGxXEtQyXK0RQZ6Mat2J9ikJElDg8WXxIB0Q4PdZdCDiS+9CtN/cmkkQDkzuTg3ioNFSJr4OWSw94e8MRovgyPO8SPKELEK92LS65HeJWE2C6WsziX0J1yJyJEIguS4ts7BwOgbP+gyXI1qGUdEBBiEPOEn2iTG/AxR/osMG9DVKq6Y1GkVcFFJSbdj6Gh7xaJP3IZsjgorGxjGfZMFa+INYnLWZwhiTAhJx94Ghm5O4Ge/uURrQmSxvMJW50DpyIxHGGg8PA1iYxDwkn+gJMV1Xo6H6GS9j/AJBJYXvCSyKgfZwQyIOIGs7GxKkgxUPPOFo9yAShovBjEFk/KTge2ikfKHgDwRIdBPY4SZuxBKR5fBlEDmFqeQdjYjB0YOmEEEYaEiPs6xP6K1G45MgiePWBKFaBdSxwp0T2SQy8tikboWJ+CBLxOYxsMcCbwneH5NhsNsQTcDHtHjIEUfgc4XgTwkYtiQYmX2xOeS8oXG1ocnJ7DdlsREYzCBBUNY5IsaHybFh+RMk1ZTKEh/0EgTSJuD2DumkQMTVjYwmcE3WhxgrENYTEyRG9jwyTggQ2RdCX5wabxOGpAQEgS9E7GRIYlsTIi7bKScKB8ZjR1/4w3WJBoHl4WxCBiEc0PrBBq8cDwVrYlQyND5o6BH3+SeITwgMmyTSG8IYZZQrIRCUjMJUU1I3JIgmSTH9M+BpmjQntkjpiXMi6HWDgNoObTnoUVOdYmoHdiwWDmmzXJY/r0NljY1HHIhAqRPRImMLYR8Qs2LYrG/F7ibsXkPAT5kol+BrD2NkjZKwZlOZoSikhWaZqNQhmsF8Jk0LEWQaEjEEMZI1aKYk7AhrYwclD2s/qdVp6gQods7IwRcDlIERo+S4XI+Ii2BFOLQuAxezSJ54gn4jQ6wXJbKwtjQaLGaDYih0ecbL0JKi+GmOQs5Zt1hwGxYF0HOFMaJEYnlkmx2x7BGJeCJG8zeOR0htixBDJoZHAlLNcjGoR5H2Mh+b/ACN3yNuxNECRKx6GQTH4SlHwNHJpwN1ghTgzgX6BMLDsWSAn4+YToUvmBVU5IVSGKAUEQQQfRE494hqLMeCZngH2oXbKdbnkkgUR64NCccQlLLcvIV0VU+WiWMmYkfCIcEW2IfTLwmSM2HQw2JJ8jtj1DbgUfuPAfBIx9CxCJCGfk2IERPZMqvojvaiEpyNk4TWRE4gSs08UHvDJSx5RWDQyQVC8Bo6GprJLKNKjoYOTJNY7dnRz8s4mzrAPAbOR95tYfXE0HsLyHJMXV/gRoqSImxs4TO4MVCGg5Tga8MoEhfgpsa6EIg4GoFJnQ4Vh7DvFjInQu2D7fsWSuVyIOsDsWOqT/hwPJdUamCNIRF/LyH4GE5GdI1o9j2J4Gh7GqIN0SCRlPkW51vgSoncsagZEL8jZ8sl6KRO4/Ink9F2Tq/GM4hFEL/gtTMkk+R2oGQLsegvRfagRHo4skpjT2LSbIINGTEuQe2R4wl7Ejbk8ApiYj2erORqct+mJXt6RRv6jFSaoe6HhIsIGWRjeHoSeR+CBbHlM4M1vBpGpk7DPR/Fgtz+2eK+xOx1CgxooXdHRZNTQcrSvEle/0HOwkz/D4HlRiiDkvoa8iobeEEqP3J8EkCR5dRKE2X1hIxjJNm+z6FP/AGf9Qm6fkUd08MlFuvsmpuWhE4Q2INApU14JTvdGtGxDCgSvhZBFYMgvDGGaEMYnhXCFjGWI0nbIdMNPY2LXBuvcqgxm6IbaG8Bs8NMSU4KJIIKZhEPIkRhIFdFCgrz+ScfYkSJ0OuKWBpLFPYIZdO0R0hpilwLyaFen+cRgShfrItrhX5+CDbsgv0bco8bXaxCgqSl0MdyKDmEIQNDkUtnIY+hiD2N4m8Nkl8aQPY8IjdLZGybmxFf5RAj8Qh9wLQ0Msgga0QR4NFEeC9DwJfNXeKECBKFs2WXiY1NsEoeCgXr6JXgXsPTCYnwJ1u+xsvJWyOfJyfyEL8aeRQJRxAlsjPPkeDWMsSHg3GSLIQ6Z5xFmmFych18tuiGWjEUi0BQJ0NBlEsmxAhB+CLNh+WKbsrFeT6Gx3IrwSZJyT7HWIdErpEorrKYn4gknwT4LHxspTJxYcGmNPYYJeTkhHolmzgh+RgvDAT5ELCifR+AWUdobg5waIPcVoR8nBQmfWV52S0cHsNMTwb+DfBM5ZQvRI4kN0rKJdCn/ALQUQ+DyKbIaDG2iFMUW6EmGh1i3iA0SJKSGlCsxL9hhaXw8JJwX5ZE3yBsY7kBo/RkkjM+SfJbHgyH2NfJ0BAZ0aClCYbUezxwxiEHIi5aBBhYNwhuyShM2cyQO9DzhsbH2ZQqkkV4TOETvyQFJKLezf06D1G6z9lpjilQy7wEoxMN3hDCbDrDRXgbcOhc0ygzrQt5+iJwmMb+Eo8xHvMwSSSeQ9UQZGEDkl1R+mF4DfjAUmxnUiToiHwSEm1T/AEE8sT7Cb9DFOVgtcDDojr1tk8TeBFPDg5w5Jw9YsYoVIsUQ2I0BuWNHqPuRUfySylyVuB5xJKF0IsXglTdqh5JSSMjwQR4Iwh1iOCJcexv4b+zxfqJHA8GaXQx8ImVJc/CcI4NR9DWFo+2D7wkJMWCX0LXIkkJEYVBJ+4jyYzUyEERHIuaIxJMeCOMycDsRNjfBIhEClkhhIURfsRRs1ySf/9oADAMBAAIAAwAAABDD/wCmz/6RALgWvZdI2W2/j356oOL43DuHjHQwnFD/APfYx17kJghhePvI61V6k5WYdR4wjSqwu/Q1s2BN82ob/wD/AP7LX3Wso01BmCShGr1uO324QkKazYTxrIjldeghkrNNN/8AfZY1/nPcUu2MoUcUyj7VSMblSY4Qobxs1owi3jb53Vcz4w2wl1i5UOwA/iLScuv0eZAOpL1m1mMR1XQDcuP9e6WvRhyyQfzgeLl2EBTC8A64c8Rr8UyP6RN4EpoB06whuTdaNSja/fb/AOGBy89hYYdvufa0s2SEiPu5Y8RLcROYPdL+9GH7qLff+vfztZkR5DufzvLonlHm4M82lbV4g8pEnN9eATEhedCFM+v8mk0BaNl8L7/YdxWK+9OSy88Aa66A7omuON+jkJeGEGseMl9L+wQzS5oRD3ryCZKnfKfBjLr9vt2toy633asKivevdtU81Av/AHNEQAQQ8cED8rXZgFMokb+XV9rTLAA0c++TCPPsBcp9TBVwEQIs0I4qGmIcrDJYSUKUEJ8TaQmOHXtKK9//AByZmq8yCCEIENGPCprqnLe39N0oTq0z4hTxxyvAiKwbW95Jeu4xXCHPLCKPBEIgplTF22wnSR27rn/cD4DwwuVf242tWWIOEaKMPAAKMDjtGOMLdahio43XYrYW/BJ86/8A3/3vVetbQgDlSTDCjyyi4JQBgdN9LmfsOprVyRwEXzVfyEd/3WIegRiRzb7YZo65gCbTTIsFFFNAPW2d73yw3H4OO8MOgKULksTB/Ux/FN6ZfE9JvIJLsrXFa9V9J/8AdrSlK2GBjnbHIg0xLpaVWlVe+sWKCcCHm+qvE0P66qD39/zDtJa9/Ihd0z2T2QP+epVyi/TPPndIC3bii6ohwi9pbCTgKx1rB6ECDfT4rv5Z5dNTXn7vP/7zwvj7yG4iLIkCAj0Wve9RNPYytiFZ2wmV7iyCo3bamezXuuC3Wi6GySeiZSbASqgQJTA5CzymyHgDcc9AAhjCAh+iffej+h++ACeCiAchd+c//wDHIQnvfHfov//EAB0RAAMBAQEBAQEBAAAAAAAAAAABERAgITEwQEH/2gAIAQMBAT8QzpZWfTwqwzT+5jFZ15B2sJKeDtwSmQeSUaNjhjRO4vWLhDxT8oREJJIPDwiEkREWckEcpRFP4M6j4MKGJC/US0KotelZYh67+yjfFKNxd+B/REqI/Cwt+hK8eA1iLgjL+kJuiDTITt7twegi5cHWMrl51Qaj5+dyjXKwPGJlLjnC3GL8D0qK0uH90lYnNfheGZ9Vnp6NEN0axuiZVDZdpbKMnpRKxQLUx4WLH9xri9svQjCSCrE0ev0VxsmykEJFzCQsu43NxsKMeiPDsUFWIV4o/oinYnY8mJpDHh/sFsFJstMQtYii7CosSriqMfm64NCkQWthY0TG2I7eCZW9EJlxjEELZDpg/nEY22IX5LLqkt4TXBD0WhCylE8GqHSE/UPeBAtVPjP96IvQm8+xuHlkVi3pbmOpEXzI/wAT0t+xYj3tcmJYg4iWvOY5/Rvf4nnhcPs9YJLJk1KiHzFyF/6M/NblE0/lUPRQY3olYtdFLwppGiPWZIev+ajy8+xIsbF79yYYayDU5Qljl/ihCYmIQ/dH0XaPRLaMs8/jYuMUDVFLlZXT5sGtwSiRbCbCQvM6vOidErAmW6eqBq0NEopcQc4QZeqy/mLwE8vD5Y+hoTljKijfmtnnWCHngvL5QfBj+8IX8iGEvOU4WWJ4Y0V/B4sTylzwhwenzS0/38vx3ceux687faU/wfz+FX5t8Ll7fF//xAAdEQADAQADAQEBAAAAAAAAAAAAAREQICExMEFA/9oACAECAQE/EIEhAv0EMrwUdssSQJVrJBFlEqKQ6Cd6FRCnIuhwRj99lfgbqhIdwbL8dLvaLKXeh8uKVwQ63cUo2JBYw1IyEhN0oJ1F+XiFJ8BNfBQ6BqCcKj1YyjmmEjwJRKkIQn13FhNElHyuIR2JmMw9cPAhJXcOz171CCPITXxUhNc8R8HUIQhpDEIX4HqRlbqPI1hyO0JE16UeWLLcksFDoqyGCQsOTEIPSMoZQ9aojSFvklFgwytgxYmL4VlZZCMK2xWmdkWIRENI7CgYWJnseI4LzGI854uPi8IKQkXfCDo2eIJHmxGWZDoMQiEw3j93ExFweCoqaw9Q8dVR091++DrWT+i8GWMbrIMXcdjudGOBhA2bBs1y03REeScFlWOymrS1MD+3FvfyLxg8rCTLycD5bo49Q0KJCTGoLaGtj2/C1YmL6rGHzy6xIJkxa/RtRC4UFr2giLFv8RDw98DGLxmfiXHLK4kewcwhoX+JD4ngUcospWK5DLLhn4MtfEdcfyv0VDWeBohtgkTm/Iy9KC/lY98FXwRdCZTqU4tj4l6v48bvCqkPmuHoSa6SrIZ39F5MaIJjROyC6YvB+i4TlU7JhaVjW+iiF1rwUXyZOHog5dPLGvz2LXQTJjBCbZlHSKN4l/AuX5WfAvRMTMoWIQqRiL+KcEXvi97fGXBDCVkgtvPBcWvmN6LkEyIgmMIfXFC3qsbvENUozouMpJ875ITE7whu/FdluIh6x4/hv43viY/mR//EACgQAQEBAAICAgICAgIDAQAAAAEAESExEEFRYXGBIJGhscHhMNHx8P/aAAgBAQABPxDHIQwGmuwNPoNssevmrnG91gq5IjrNY4GOGpxY1KPeMbc+gCXo8kH3RdRk1iH7bGEEbnGKHcEmGs+EzR8EJ8lBKSto/RbE75+Eht/AI7T+YLQ5yXGEgSQfp/pCT+JSNw4/lBdE/aW6c4OGTPjid3+on9+M0A9cMieqQ/7knpRHol6/HVgxLj8meVJZ/rgiPBL0CZGvXh9tPaB+oIgF17Mw7F+ksBjetTtCd6AsauVea2zDAKH04SD1GnqxrPyHD3XHHbVliO64oBOXSaLe71nosGJCMdufd+mAuBvjNqvdxuFhMLkXpPd68A/MsEZ1yofnJg3WvkNt/wDBn8fXgE8pG0Q2YL8YshXzpluWpIew7CP6XwV7cVlu2/IvHBdIP7QfRHxkE4CxCG4uJPAfsnNW+wszpvzm96vytzQw/Ad+NgGEzHqBdgwbk49BA6GHnL2jGCpN2Zw1D5QvwdLWEPS1oHzAu5H7xivsumGKsb5AI1AdW1cTDCw3uiwMrgOLP/0N0l/nTbgn92EUB+X+DpsYbUAYE0PgjJbU4sOnC7LxMVyl6AbVhDCIEiMuKNfpJOz1fDKqoe1Gecttv/ky3wnrPeK+/A/eK/A2dEEcuDofemBQPszqhP8A295Xy9z4lMMw0ZDP5h5x9Iev+xcf/It+/wC1f+yiRpoFz/D2h+hL4v7V31A6etB6VFiiexf9L5CXTvPfbl28Ry2x4MLVFq+VhzNX233z7MvrYK/hyC9pkZno7tgu08nuCYTrTVa9E92uSj9sf8U+BY8TcRCczuNmENkQRVEO5e5TdggmHewcr/jUu28rfL/PP4bnk8Tw9iHRTPeNkLHHrlywyJWX2TuvDDzpJfbn2rkRbm9z/lY8aTh+iaBsWFiPjHDkRD6TqD22+1fORnplheLnP4tbcPNmLg5t0OjltqyQJfcEyH0W3frNgTVYKRaEuFuy4uSXv/XcBCVvgS8EiyFlOcIeE4amXK4LCiI8PwZYl7SaNyWHHf454O/5r5ftM1tuw9/0gw1eIBhfns2mxuHbGPa+HLN9LXyXBIj0fpZw4x4uWyPZG/ifwtX1cH1I88WvmfDjPDYX5rHo3ys9r9d28I1cdzS9nhKFujPkzCFp4gPDV+EBcFzuHuCkuD8xxF3Zx4wRD/8APre4mpbnHOO0EXBZWnmB3RPmdMRj2jHs21d6E5pKKOiNzY9vPfnLLLPGeM/ivku8/e2w97iCA3TW3tJAqFpWC8mWDniPBZI2bxBm3LhLP2swztsaQSfwsfizPfkuZB6Mms7c3lY3bLCVu3WAYFAhG2IWG/U2oHVzJCeRMJx1/RHXYhbZmMAXJcy6S5Wn9v8Axl53LLgWVkfs/T3LRYb1GVCjCz+0GzOHuHbzWHkCoD5JpyLIhv5WYzizy2fzf4HdjbPd+l9JcRGgGw+1lDPfxGw4gEF7y06O8tJwwe7PlMdQeRP6ld6um6Rr4yxeoOJiCOMYw9YWbZjmczcbOPbZOcdktVLJHHqcMuX5yzHLbl3lkDlC2lQAdEKH4cSwpTGZDeurffBQYIjq+5F8FiAmkW6ba4WwDflj4nq7Plnn0/8AHO4RriTmGag1CfBwefmcIElgJhYXBFLV6TwPVLHw7I+PkbLLLLLLPJ34yf5533tjY4ey155JMHR5j6MQ65Lh7GWSDtnjvrBKgz1PU5dGfkJXn+pPzqXF0OIwmEwxD3jbwGOW67ZM7bb22B7SHtbh9wT5ZCI3rsmsj3uYQW5WRxv8prquslIQ/Itjj78lenG7A83pm0/5jIw2gOeE4iGRyQJcNrGwB0/1bW0FPD8yiu5cyIueXITg2LGEkPJTDky00x29uwf27u1EMy4sHpVC3zRTE2fGWfybZf4ndybi4RCw4bH84IC+Pi6ckcOmBy3N2AFuMGsZ5O7K4iHgbfe7BoKyx3ZnGlssuj+b4alhyGwZwt9Ftg0zYB2bM6XLFN5jw+I0u8WlLDmsbCAfa5+SZNYQU+0E6t+YtdsZLgQsTEUpbYHDDRYQsInIIc4+HhtG+8/9OW9E3NrQh8WGdwFxnTSXAnGM65l1vhbqhwzYjtsgiyQCHW0OxkRwk2T00NBPi4HCNowXKR7P/ELYkgGuEkn/AN1nokpLc5Y6+cseOwmr3ky7msj9LDhWnUd4GMN+QfM80H48JHCBdAYp0P7LEgs1ncObAOGDisHccsVoWJ7iOHVz9wJ7STU0tcFn2T/V8yeGS0OJEITyj0G43ZIYRc7nquKoMIz9Yz+S6zRax7ct1Wofvb6TNjEpZsgfCnS3jN8ce4bCy55w+QZOokPNg/jw4gs5zG4FulkgYR1lYeg+iVa/ggPF6bY/7Emr+Z3DhaOIkUPi1uBuTqjILBnKuUP0E0UP5J33h7lQnUgyy63bPjUUZTDdnx8zT/pNfmSOP+EVnw5sG9azi8EGB5thkhY+UuW5LW3V0LnZPoUf1EWc13PBqNtu8e8yQwEEYa+kOHUzDtsHKxVnrGnumhQ9LBpCJj0kgP8A9HLbvgC/KBtf9sxmyjHi4Qm5e318Q3zIscwndviQIzwEuTry+UeS2Iy7X/hTZ6TbJy5n2ntrAWk3JUudukGdsLEuuK7ly32LNtWe+shQPGWflpemdQlhP9jTLfiOrS9bZKepVhw7Q7XTtunq1PbGmbb82lyTQz5bPesSOrAKBxjgcJ+SNe5OvBQVa6x5Yik0G7M+gBPcP76hSdG1v8I5YzztP9O49gwbQZeSFdcEDdCw28TmQ2dlG+DxDIlCL8eJkQS5ytrZVllzptzY4/8Agxe0bpB3N5Fx+ICbtniHyudlvRDYql8TCgMH6SOYcSvPsyF9mlyBZDH4tohtP0XPjX5kteiWdkfZCmEdhndWvtj3YE8jUg3l0xBmK1uE8XHGvcAmPFs7EL/xL1YXsiNFHGcgOFOP9Tiev0oC0ZNsnRj+bmeDNMBNg0ECc6I/Ag/+UXVY+HEupqNmQwsO2+Ciy4Q6w8S5cMsvPgXLzcI6IFZVL7GxEfDn80ohac9l24u/Qfrez/Rk3Z+scPydZY7j24l1ci3U/WygQ+VhpcDMTRcXLhwaYwZc1UK4ZzNTo6XNnDGcdtv/AN0p3f79sXG12Wfcgdd7BfazYQ2jYk74YWk9LMTrwmQbbWXK4dtk3v6rGhBzYBGgSC4gwjgTWR/WIVTHgMiXXtFcLtjZ74xNALhSDd5MdTex9UXZc08AwjhLCGQHLUW12EWzOJ48H0ytjhD8pr58G6QXHvvbP4B49ljOvL1IjgHboBPVY33H7DGCoc1hfw2A98Z+JarvCuijmGeI8IHoSbgGB9QwJ3ACjtW96M+kkjcXUNI2EeHLXojhZgjgRxoQdC4bYim4YVsEHh5kWGwTAyGmRuo7yQwjqU6CbQtDbpjBSe0ik1Nb/Qg48AUPon5tQ244VqYYepryFnIdOObXv2sbk7d8Rs5LcpmwET16JOE2AkWF2E8T/mEXm9cR4vEtIvpuHhtjuO/DxTp9Nsw/E3EET/hSvTH9WMZ9k4DuyF5NCuFx8eyATjvwzuEIiMw3IpyPHxaVrJwsaQLD4TCLlmjYSmPSPuEEXcNzBsh1eeCZa5e26yaZm65C4sYsDMz1Zu7ekHNtYhr7GE5o+DJWwPMQYByQXPD+55QYIsGXa5Wc4zaSN28HOPjPyd6mge+oHQLuQI1ngCGbYPF6+BCTHd3ILGHiQJReFMc+I4bnmaH8UeOYBN4HF2Oa1t+9G7KBcZPNhO3Cc+DkO67IOOCNCyc8CM0TLfk5LiZ7lm0t53q2X0k+gHD8sN2Y5MMA5iG2X58AMW1jHvOYyhI+gWwZ92QSRHFFjxm8im1TsQsl5XSKdNQwtumaPTNmcCXguW6zxYt6juhZ2kQ2AfE9fDrCnghzl2wt54WBdyYSuCutnLa10iJs8/rq6Rvhd0z+xHhwPdkPBtCcdX01n+SPuQzh7RAzD8YhiEPXzD8O+MSmfjZQGzgw1u1z0MkYR9+BbFiQ+bgj8y5MGqGsfbwzLgFdPQTNNIB6ASvslH4smQaWnlHXC5ZFtbwuQuCHiWiEanZ+cglbLgBlpC67u1yQ4jEh+Fswi0xzS1jHDLdlqKds/KahEPubjj9I6VcMsH/N6lQJX1Olv3lnATemyXPAskQ83NzxSvwxtcH4tMv6zJrof8WoymiMs4s2YFCmiYj+OkHW3gY33XeH/hLuVQ7DIBSz8p8HUSXz9oFZidMk6IIwcMrPBsDw6fNs7razAJV94fvw4WCc3GFIcAsfpbwMEwzujaWygAU+fEC5Es6gcJZPjg2aH2JTgbs0Fg6Ao29awHEe/CaXRh6y1ZemGXWn7CQOinUPszfnAWoRZ4Lfm09NjsnbY2U2Xxc8UYj3GUtUKfa2ICHS6m41GM7uvfqGgXz+n8MoFBx9iPGHhoZbrt8njVOCvZTxOMDuFmrlJ6yM2xcj5hv9vmfGl2MSbufmH8iFD3cJ54ggiIJDDdbncWyHqwsJ1rKFcwJHpS5j6bkt5lBhjWyjT8XCQgyFd8SyHBc8Mcb972Qwf3A5QSZe0Db3Bepd26pMJOwQuiOfRB9mPcQjJsIOeNJZxOEXFhBblpcRsrk3dKNw2uskQfzzB0PUMCn1cGgdH8Dbwm1OIWjv8RlLc9g03hh/K9Nypj9ifKtldFdQHuGjHXUGlUvg5uYtt3kZcRqEWPsws+dk447DmTZc3u9SzTbhIHJMMZLS11mLXUSET0OOw5MBfKMixG56grkVEt5grvDcY+A72A6INji5xAHP223MBzOb5tuKA/oF00DlmTZ6sTZ1N/SyObh8XZJebVmdzcwtAgrVOeflGoImGTCEwhkui9sJWQBC3+QcF+fmB15n67twEh6i24XxEXAGa6EEw4somhXAwD4/Nm1g9loFluwtudxGzHbPaXEkgW44Zad8+Nfg9h4GyRXksfh2bOrlbUbHw2wsYKw3nZgrGaC7bOO2ObAE+WG2o+6ZwfHIwgjbpYch5315b/bQk3NLhgtuPzd4jDfSyIjcYNdmy7a2Wk0vgPjrhlOJSiExJGnLHYJ4kpDsyEXh5LMMSTwj+O//ALEdwHynlHjYX0lsd4gDbBMyGcZ1GfS1ixJYNhjdLbYnq/MdyYHg/FwviM8iUuw1tplkcQ8ws0SO4D1JkeqHAkVkDZjdlw2IRdKLcbnrW6YY7hCVjS7ftt8V8R35HxfDjALCPxRImBl6N/U/N2EZtiKxY3m2DbNiI5Agh5rJXOYhvnQ8QrLwBrUNmB2eIbI6X8c9d5wn6py/YhDN/SvAeMGQZ6i3flkuhyz5Dp82OMuUfm0e7hs4vrAdk8YxzO+A2YY6LUdazdlnuThYt0zi+4exaS+lub4eZYkyEtEIhKw5RRsrUuYHQXZyOiO4fJZd1/vCDo34t9CIgzSIyxU0C+cHxHqIzwy8Kz/DSgzivk+hLOIkJ2c+2JeSmT4T1WGAuz+KaL4fbS4g76RK+DIPyfZb/UVzQ/TLyDYF77+YMyfY9z6WuNSL1ExsFic8dTcRIhnhibPyebF4hOE78PEkSdOFvqDTwJjzr/RPJd3CLCSCQHhMEmqZEkxzrbHOwnPP14Hcd+OpcQgv8sPAm/C/DGax8NqAhY4E4s3vPE8srZt6EY583R4Q1yeZL1a1kaSFlHyLEgEUMrKJ2qxoe/4vgJuh9WR0/qNnIbWRBg/S1lvDf2RYRvHzcb6D1cTPwB8Wn9wZAg6aWOZcm+mx1aDI3lLvJC4wK30QxdEy9kdLjrm/Vni45dOG468RjgjnNrYbajFZvOShZmz3qET+6Pw2IBvCl2/LJlvluZm5/unjjfW+o05ZXW6QXlIZxEDdZtT2nt4p8NFnwSdWT5ilnjbAgBjSNlmHI49sl0/c54SEWTcKKODBRZOzyd21k/xYL7ggU7pGhegIL+Zw5b8Dm+gZJ8myDBlTCMMPTOpHMp8t62w+IWGsb5+vmQYu1zIOZbXobT5IjbnE9nERcoMESiWDhPNqeBs42R4OjbfHgLQVIwqPsYJ4PGXe+Af5zchEnBD1AcH5MMW6LdWeWR6IcEZhGWWfCfHjXCciwlwCxbX6FqEyTnHtEnLJZgQXCgPxMcQKHgyzAnvyFw3BhkB2YfN7LQeSBqZWh8EQAHRxY6Ik23UDju55WmLTv/FjHLYYIBrOEzPBE07SzrVueU25Hg52GxElnJu+f8w9wlwQ4/xDWOIzJcupRsBZnE47kWWEoIjaGdRb4GdJuw8psyxkZEJbNAJ8MzTorLOkhLyrKeZuxOZkmQuhFym9c9xa8tq5GujOjl1xYjsSeo9LQt46RYLAVr0x7nzMcWM5j/Dv79v7G5iNwk1CluEDpAXwN1PDqWegb4MyU9mTTGkWpdRX9WnUa7LI1MuW2OhOOJU5LkriydBLbpZiZOAzglg86ScwR2Rbq5F0ThDh2QRuWxLfDZXNTeyO2+RGssCwIUM5PlOm3ZZmQx/CcYhDhH5RCWFqQ6EECP49XMkZApyQunuxJpk3C0LbjGx6Z44S2epa4ZLLnwIhwy3LlV8haXUnu/VDd9/ib4oZUDoIXHslpowLsYe/mL7CXf5cSjy3yGnxZsAGF7JIyjBgtuZpLqk6JjPBd2ZFhuCWaTlNpq0WMMxsv5bHu7rb4NlvcECzYyBIPNZA07zfHhR4XDfw8fGw/DXuTSLcOLuLGKaa9ctTidqw6nntyQ9Qb+CHhc7PbYNCOdgdXos5Q+UpyHJz/wAP1563COEDAKMacYPWBooQMk5b+mXQhm9wLes+L86NzPnKSxYR6mQJy3xsZs2XeAHeXBczLQuzw1mA8JzAcHV0xuIIdekBnKhFj7tpHU8OEMdRwZzN1BYL7t7h5u+/I48ZXHoRGcTwbEx9FZwO2VzwhyScbd7LoRMfTwh0Wb01Liv7l3bhEj2Deph0j0IJ1x8WMNQs8ZZ5O7nxk+18UbO6epQENh9WWF1QvWeHd5DOACLln/2WYQbvvMQeNh66bSccElsE66h2WWPTcLVj7cQDxrQIYNqIs3TmLWEsyxN41vdTPn5tWSumI/U9Ulrcso3Ew0ETi7wePHiXLWiHwpfhwhQM99Tkw9MvU5VYp0JYQeRgE2Iw5LAlDeb0nTh+5BaLYLLc6jmay7EsNjvq3EOj/ILtQEdIx8eFDCDegdtUVHY5tjKMfe3Qbx1DfeDGQfCM614rpsqQ+8uF7HUTDyszd5bfxdZZ1d5JpZmnbHZk8Nl3dnGuMJyjMCYxgTvq16hiQThZLhnhqBU/tTxv9YjaNRmFYM9Tg41lv6d5BuuVqF1WFcMQ1JjJSmXN2QF03szslFuyGHJA5hhbG3nSTyXeFr69T4ZdRPpThtQ/jrvRb+2fEE6jxmJZ3gWax+o+J+kEU3WG+bGZy2QdbLwl5PBFVz9tY2K4Twho2NrIuN2XwxuGUd3GAGGaZzvg0o2Hsvh45vtDhfaSCzCELuzAC/0Tpt+h3aJXOsutA953zciIQgQLJpxDDqu2XYLiMKRmqRwzx+DKSu2sWcQOI4MtfUgzTuO4DkPU8EOsvavNp5JPV8Fibh4m4uAx0CacL3rlkwXgvIw/5jgDCPGkEd4+oOR/3B18pXbmYXv8DkwcINgrp/ogQ8cD8hBxlyuUDBh22D0wHMVbzJ2CW3wbKoyRDHbuOkGccZcugy2AZ7gRgf6l7wguhSernGHxGTc2xy4SB+SdoJ8/5EtmpQUD/wAl7M1g6wo7JmviwzX/AEELXHKfVHjduXhLlNwXa3hKCOLnBA9otvJauDtnMCf5gDdizFhuOYw62SYhX3dFeijm37h92JhwRmztiziMBZCZHg4udybcQggyZrMYbqCkEm9zmIAQAEptUJ9cGRjkNuCA/ZMfHUjxVEju3S3NWsIymGXRqjBNwQvwZefCalpDRaUvfhUbhcZvA72E+XZKjGnFQyRocaM/jvdscn7tDEBI6PCQPQNoWS0jcHMChhiP/wCxC9qBUuVjhJEXtue5uyTJTzlndnPRbq2uUF0v6ueZcWWjG9baSdKT1cZDiUcWXNJrA6zpcMiVuWUe5ORcRzc573u5mLZRF3j63sge6xJ7WJOA376mmdtyaJrONZMm0yZ5n5uNT5MYE0zJGbp5mA0BmS/z8XE98ITcYLGhO6EvugTU/Msh0ygQeDFbURZzovOzoPxZz1Y+O2PJHvty5t1awYTjkRY4wX2204y32nuoAF0oHa3/AICMA69owu0/1PkDaadkN5bRkAl8m5TDOC1OPG65c59/EnUnrMoTFberfRIR1BnC5p/TBicjsonnb9Oj1fUuR2MgFjnJgYiDVtmDxhiunJXveerrfA247gnuYuN7xl5x9pXK1eoD1u7Q7NOlZYgN8Y+LKaka5lXeDad6rJew53ItIBx6jq7ojHAIiYazk3B1Bfb3Dcg121PuEZiTXbSPdEl3TQs7xM9SemO9rG8ZF9LInADpOBA/uf59MPtDDFzlDhOQVz+jMuK/bwvX0+5HCdovlLXY3xZY4KzE7sPHGee+M7LDmyOEPNh3Y8PsisXq+CCQhsBPmXEeZYeGHMSVH4aw/Wv6jhx+pvcfvG9IBerQbMK4ui4YT+2bryfizIGPY5PRO+hLfABj3of/AFYlsy8+EfVnCRvbsCe2w6disGO1fAFSWUmB8TizPsNtJJ87clI3CXDWK3w5Nn/Ysbn+LETHUz7Q9X/SD0P7EH/0hewv0OGG2p+GRKWG1uCXPi3KIY9P82U71oZ3L9E4QAWgS0jDBjM0sBgR8H5txnAGCuXOAWjZ9QG5KXpI5sZvhlh4eg7ei+Ftm/bCYSoHD5h2f39luBE3cWNQlox6HLR9r5ifVrNshMNw8ANxha3sfVvq5dG0sR2TGBnv4NRBvtszh38wXzH4H5h+W+Fh8CWtw5gFfoTZ7vqR8eYxx52z7EevBswMZa2OE2Dl/mE3jG0LOZafrOx0Ebdj9r5gTwi9/oTiZcn5/vJ/Dyn6CG6imYYsG23iQ3LCt6GOveuiaYXz5jsC57gS9XEtYaGSGWaIBckwkcQ5EFxa1J54OksGJ1tydTbF4jdmzSJ7x9QhGUdShdvu9Xyz9gyBwfiMQnvUHGZMHqS3Ezb7a+AATMLmZM5Wk+3XJJ4umQQnVvNx6W4s+G66bUU9kb520NmTDx3YOEdgfyw/PF6z7kBtuBfCTi4SSOU3U2E2Y8jmczH4hGM9bAvLPqxfEEGQRXrk+OiIuT+sbfZY/wD6EFRFjock0zg/LiSTJbBkdSSIJ0msOb+5LQfEZA4EZv0Izu48GwcP7td3YF2j7eN9MPNySxuEMV7ZeA267E6XC/M0xmoNujMPkGZGXMSyxr3HkJtG2lHs+pOGLRxYfauHzvzCPpdvxhxmav0shdJAXqMzuhlHAktSJWWhzmlv3d2ON5LYMfRPrr+70FocpXHT+oJ3q5jN9RnZO92vkdp4aJOz4QdL0PgJ2rDGE93FqGYyfuC14WPQjg4juzjuHc1I8RucTaIgTm8EvAYlhM8Dt95Efcq/awwXL3+rDbnlY/17uOG7qtgWRcxIjSxeZrrwoMwcdprM/Jmzn31Z5coLnwbvDHtCuRM2Y+wsyw8zRGW2hM7DccEnE7VnumPWMe3b4p4YA5JsBhbfGbPpDuzWO9yvIX+x8OsIq6fO+m/fx5toz392POQ2XEtWXfwA8I2IEOCbt1gmCyLSCbdXnjDbpMbn7RpgcVBzpsNmbJQxTpxxn4lnIgBmcH+mWQitreC0tNPS+GHJY+B72aP6hqYMbI1tplhCF0jrYYu8kbbSl8GXZ6my4HDwauBa0AERDyduyedSwH7Kft/MY9xdbuTjcR+OOfLvUZoM7gs3TN2FWoYj/hAIkHMDn9ZHyLvyzSzgHbjj6inUQ7S1sQoAR8wWwd8TtQGLvuBG/wDxhW12/JO0jxBeMW+i1g/CHzxbSHIYWIsL6zw3izt2JZuLrit/qx65tKLohsIOso8xOxPcgA8ofWWYbvDykMcM9wOSN9A+ZN1M+rujHDbOJEg8oLbuOrmHw9ppDm3RPfzPHD8WZM3ZdLfEorIFFPALG5gYXRsI6ycuA5sEfWXG3PP9VoRp+WZ823w9J7ydr/8ALgiAriB91wureVR6UDm+mSyfW5affPmzmwflZk2hlW1zGKxetXYfsJf3zoNXLFZ9DSWWz0z6oNxtfOlrGw4iLJ0tW19+H1bqMYpi74kVYNjGWn/xKG8fPxfklQQLbmWPeQD00+r6r1apiZcD/vIAbcpoy3iY74GH1SzkEtwFzc4TsLPdyMnZd1bQhCTtGHa4ZZwzqaE9WHq1WyBDUJAXv5nSlxAIdQtoA7mXEOoPg/jY9MNm/9k=\" data-filename=\"103491771_3893400300733193_1617539852498221785_n.jpg\" style=\"width: 720px;\"><br></p>','2020-08-13 15:48:04',NULL,1,'Java','af0e95d7b5c5fce01c9a89b4fea0d75f.jpg');

/*Table structure for table `tblsubcategory` */

DROP TABLE IF EXISTS `tblsubcategory`;

CREATE TABLE `tblsubcategory` (
  `SubCategoryId` int(11) NOT NULL AUTO_INCREMENT,
  `CategoryId` int(11) DEFAULT NULL,
  `Subcategory` varchar(255) DEFAULT NULL,
  `SubCatDescription` mediumtext DEFAULT NULL,
  `PostingDate` timestamp NOT NULL DEFAULT current_timestamp(),
  `UpdationDate` timestamp NULL DEFAULT NULL,
  `Is_Active` int(1) DEFAULT NULL,
  PRIMARY KEY (`SubCategoryId`)
) ENGINE=InnoDB AUTO_INCREMENT=12 DEFAULT CHARSET=latin1;

/*Data for the table `tblsubcategory` */

insert  into `tblsubcategory`(`SubCategoryId`,`CategoryId`,`Subcategory`,`SubCatDescription`,`PostingDate`,`UpdationDate`,`Is_Active`) values 
(3,5,'Bollywood ','Bollywood masala','2018-06-22 22:45:38','0000-00-00 00:00:00',1),
(4,3,'Cricket','Cricket\r\n\r\n','2018-06-30 16:00:43','0000-00-00 00:00:00',1),
(5,3,'Football','Football','2018-06-30 16:00:58','0000-00-00 00:00:00',1),
(6,5,'Television','TeleVision','2018-07-01 01:59:22','0000-00-00 00:00:00',1),
(7,6,'National','National','2018-07-01 02:04:29','0000-00-00 00:00:00',1),
(8,6,'International','International','2018-07-01 02:04:43','0000-00-00 00:00:00',1),
(9,7,'India','India','2018-07-01 02:08:42','0000-00-00 00:00:00',1),
(10,8,'Java','Java','2020-08-13 15:46:48',NULL,1),
(11,8,'Javascript','javascript','2020-08-13 15:47:06',NULL,1);

/*Table structure for table `users` */

DROP TABLE IF EXISTS `users`;

CREATE TABLE `users` (
  `id` int(11) NOT NULL AUTO_INCREMENT,
  `username` varchar(255) NOT NULL,
  `password` varchar(255) NOT NULL,
  `email` varchar(255) NOT NULL,
  `is_active` int(11) NOT NULL,
  `created_at` timestamp NOT NULL DEFAULT current_timestamp(),
  `updated_at` timestamp NULL DEFAULT NULL,
  `type` varchar(30) DEFAULT NULL,
  `image` varchar(100) DEFAULT NULL,
  PRIMARY KEY (`id`)
) ENGINE=InnoDB AUTO_INCREMENT=7 DEFAULT CHARSET=latin1;

/*Data for the table `users` */

insert  into `users`(`id`,`username`,`password`,`email`,`is_active`,`created_at`,`updated_at`,`type`,`image`) values 
(5,'test','123','',0,'2020-08-11 18:34:57',NULL,'creator','cat.jpg20200811.jpg'),
(6,'admin','12345','',0,'2020-08-11 18:51:22',NULL,'admin','chhai2.PNG20200811.png');

/*!40101 SET SQL_MODE=@OLD_SQL_MODE */;
/*!40014 SET FOREIGN_KEY_CHECKS=@OLD_FOREIGN_KEY_CHECKS */;
/*!40014 SET UNIQUE_CHECKS=@OLD_UNIQUE_CHECKS */;
/*!40111 SET SQL_NOTES=@OLD_SQL_NOTES */;
